{
  "alpha": 0.3,
  "threshold": 1.0,
  "n_calibration": 1701,
  "empirical_coverage": 1.0,
  "test_coverage": 1.0,
  "class_names": [
    "safe",
    "vulnerable"
  ],
  "singleton_rate": 0.0,
  "ambiguous_rate": 1.0,
  "test_singleton_rate": 0.0,
  "test_ambiguous_rate": 1.0,
  "mean_set_size": 2.0,
  "score_stats": {
    "mean": 0.8243557394847387,
    "std": 0.17755651805355702,
    "median": 0.858607292175293,
    "min": 0.5003012418746948,
    "max": 1.0
  },
  "test_metrics": {
    "accuracy": 0.5705467372134039,
    "precision": 0.3969270166453265,
    "recall": 0.950920245398773,
    "f1": 0.5600722673893405,
    "auc_roc": 0.7432860809087044
  },
  "per_language_metrics": {
    "python": {
      "accuracy": 0.46296296296296297,
      "precision": 0.46296296296296297,
      "recall": 1.0,
      "f1": 0.6329113924050632
    },
    "javascript": {
      "accuracy": 0.48148148148148145,
      "precision": 0.48148148148148145,
      "recall": 1.0,
      "f1": 0.65
    },
    "java": {
      "accuracy": 0.8043478260869565,
      "precision": 0.4186046511627907,
      "recall": 0.9,
      "f1": 0.5714285714285715
    },
    "c_cpp": {
      "accuracy": 0.5481651376146789,
      "precision": 0.3811074918566775,
      "recall": 0.9435483870967742,
      "f1": 0.54292343387471
    },
    "go": {
      "accuracy": 0.4375,
      "precision": 0.4375,
      "recall": 1.0,
      "f1": 0.6086956521739131
    }
  },
  "training_history": {
    "total_epochs": 18,
    "best_epoch": 3,
    "best_val_loss": 0.15556631568405363,
    "best_val_f1": 0.5695284159613059
  },
  "language_map": {
    "python": 0.0,
    "javascript": 0.2,
    "java": 0.4,
    "c_cpp": 0.6,
    "go": 0.8
  },
  "version": "v2"
}